{
    "keep": {
        "days": true,
        "amount": 14
    },
    "auditLog": "log\\.6425b6ef59d56488746d0ccea1d2ee6caecd0fd0-audit.json",
    "files": [
        {
            "date": 1575484302896,
            "name": "log\\error-2019-12-04-12.log",
            "hash": "44aa0eca9a028607a260f22dc876afed"
        },
        {
            "date": 1575486014307,
            "name": "log\\error-2019-12-04-13.log",
            "hash": "217fe19a67a3ed822c9fe0889bad9e11"
        },
        {
            "date": 1575492687494,
            "name": "log\\error-2019-12-04-14.log",
            "hash": "98efb23fa2e6ffdbfea6e480c2d8189b"
        },
        {
            "date": 1575495738015,
            "name": "log\\error-2019-12-04-15.log",
            "hash": "0d7120aa1b2236cf1e43decb2e7ddf0f"
        }
    ]
}