{
    "keep": {
        "days": true,
        "amount": 14
    },
    "auditLog": "log\\.9e0e70c869af7dde0e9b3bd00cfb023c441e1c3d-audit.json",
    "files": [
        {
            "date": 1575484302910,
            "name": "log\\application-2019-12-04-12.log",
            "hash": "9c29e7f660fd2cd8e6f9a48fa6d1d25f"
        },
        {
            "date": 1575486014319,
            "name": "log\\application-2019-12-04-13.log",
            "hash": "8b2aaecef7e69bdb1d4d0fcf10454b22"
        },
        {
            "date": 1575492687503,
            "name": "log\\application-2019-12-04-14.log",
            "hash": "2c28c393e71bb726849257d5b684402e"
        },
        {
            "date": 1575493262635,
            "name": "log\\application-2019-12-04-15.log",
            "hash": "1b227d98c7134c10ebf9e6b3299ba014"
        }
    ]
}