{
    "keep": {
        "days": true,
        "amount": 14
    },
    "auditLog": "log\\.6425b6ef59d56488746d0ccea1d2ee6caecd0fd0-audit.json",
    "files": [
        {
            "date": 1575598693584,
            "name": "log\\error-2019-12-05-20.log",
            "hash": "0bedf75670fb4a6ed45b58a316b3ce9b"
        },
        {
            "date": 1575684207565,
            "name": "log\\error-2019-12-06-20.log",
            "hash": "3bbcf556138bbad69a6e019fd68f1be5"
        },
        {
            "date": 1575687913367,
            "name": "log\\error-2019-12-06-21.log",
            "hash": "6723fe09697257e86f33c59bd40828b7"
        },
        {
            "date": 1575691213699,
            "name": "log\\error-2019-12-06-22.log",
            "hash": "5a886f3a9b06916fde5a43d96c0fcfb9"
        },
        {
            "date": 1575694889110,
            "name": "log\\error-2019-12-06-23.log",
            "hash": "5b455ca325c6dba1cef04b9d95adef15"
        },
        {
            "date": 1575745392298,
            "name": "log\\error-2019-12-07-13.log",
            "hash": "1f62b2d4a6e1729c206a1ab61d15afc5"
        }
    ]
}