{
    "keep": {
        "days": true,
        "amount": 14
    },
    "auditLog": "log\\.9e0e70c869af7dde0e9b3bd00cfb023c441e1c3d-audit.json",
    "files": [
        {
            "date": 1575598693592,
            "name": "log\\application-2019-12-05-20.log",
            "hash": "49d9a1c45130241f0a78216842bb7c27"
        },
        {
            "date": 1575684207574,
            "name": "log\\application-2019-12-06-20.log",
            "hash": "ec820b3898a0199fa12989bf9bc5eb6a"
        },
        {
            "date": 1575687913377,
            "name": "log\\application-2019-12-06-21.log",
            "hash": "159d3b1f2854d01e43c194b776e10566"
        },
        {
            "date": 1575691213712,
            "name": "log\\application-2019-12-06-22.log",
            "hash": "74e3510ea2f27e15f87fa0b7d58b92e8"
        },
        {
            "date": 1575694889122,
            "name": "log\\application-2019-12-06-23.log",
            "hash": "9d61cd4299752fa73bacc6b8f7f2d235"
        },
        {
            "date": 1575745392337,
            "name": "log\\application-2019-12-07-13.log",
            "hash": "7e1b4308e5134a24026ddfa60edce37a"
        }
    ]
}